Operation,Part Number,Description,Reference
20.0,015-0089-01X,XSTR Pch 20V 2.4A 100mR_1.8Vg SOT23,Q31
20.0,037-31013-02,CONN HDMI 19POS 0.5mm RT ANG SMD,J18
20.0,014-21967-00,IC USB 2.0 HUB 4 PRT 48PIN TQFP,U40
20.0,140-0704-00,SOLDER PASTE SAC305 SENJU,
20.0,106-0159-02,CAP 220PF CM 500V 5% 0805               ,C424
20.0,106-21431-02,CAP 68PF 10% 3KV  C0G 1808,C16
20.0,106-21431-02,CAP 68PF 10% 3KV  C0G 1808,C91
20.0,014-26749-00,IC CAN XCVR 5V 16kV STBY TCAN1042 SOIC8,U16
20.0,015-0112-01,XSTR N-CH 100V 12.4A .008 OHM,Q8
20.0,015-0112-01,XSTR N-CH 100V 12.4A .008 OHM,Q54
20.0,106-0556-02,CAP 1000PF CM 100V 5% NPO 0805          ,C488
20.0,114-15R0-B4,RES 15 1/8W 1% 150V 0805,R135
20.0,106-0592-03,CAP 2.2UF X7R 10% 100V 2.5MM 1210,C159
20.0,106-0592-03,CAP 2.2UF X7R 10% 100V 2.5MM 1210,C485
20.0,114-4702-C4,RES 47.0K 1/16W 1% 50V 0402             ,R44
20.0,114-4702-C4,RES 47.0K 1/16W 1% 50V 0402             ,R63
20.0,067-1743-000,SHIELD RF MOUNT CLIPS STRAIGHT,X3
20.0,067-1743-000,SHIELD RF MOUNT CLIPS STRAIGHT,X4
20.0,067-1743-000,SHIELD RF MOUNT CLIPS STRAIGHT,X6
20.0,067-1743-000,SHIELD RF MOUNT CLIPS STRAIGHT,X7
20.0,067-1743-000,SHIELD RF MOUNT CLIPS STRAIGHT,X8
20.0,067-1743-000,SHIELD RF MOUNT CLIPS STRAIGHT,X9
20.0,114-9101-C4,RES 9.10K 1/16W 1% 50V 0402,R65
20.0,114-7501-C4,RES 7.50K 1/16W 1% 50V 0402,R12
20.0,114-7501-C4,RES 7.50K 1/16W 1% 50V 0402,R13
20.0,114-4701-C4,RES 4.70K 1/16W 1% 50V 0402             ,R57
20.0,114-4701-C4,RES 4.70K 1/16W 1% 50V 0402             ,R60
20.0,114-4701-C4,RES 4.70K 1/16W 1% 50V 0402             ,R69
20.0,114-4701-C4,RES 4.70K 1/16W 1% 50V 0402             ,R70
20.0,114-4701-C4,RES 4.70K 1/16W 1% 50V 0402             ,R244
20.0,114-4701-C4,RES 4.70K 1/16W 1% 50V 0402             ,R410
20.0,114-4701-C4,RES 4.70K 1/16W 1% 50V 0402             ,R411
20.0,114-4700-C4,RES 470 OHM 1/16W 1% 0402               ,R11
20.0,114-33R0-A4,RES 33.0 1/10W 1% 50V 0603              ,R29
20.0,114-33R0-A4,RES 33.0 1/10W 1% 50V 0603              ,R91
20.0,114-33R0-A4,RES 33.0 1/10W 1% 50V 0603              ,R234
20.0,114-3302-C4,RES 33.0K 1/16W 1% 50V 0402             ,R345
20.0,114-3302-C4,RES 33.0K 1/16W 1% 50V 0402             ,R346
20.0,114-3302-C4,RES 33.0K 1/16W 1% 50V 0402             ,R347
20.0,114-2701-C4,RES 2.7K 1/16W 1% 0402                  ,R441
20.0,114-2701-C4,RES 2.7K 1/16W 1% 0402                  ,R443
20.0,114-2700-C4,RES 270 1/16W 1% 50V 0402,R415
20.0,114-2203-C4,RES 220K 1/16W 1% 50V 0402,R32
20.0,114-2203-C4,RES 220K 1/16W 1% 50V 0402,R81
20.0,114-2202-C4,RES 22.0K 1/16W 1% 50V 0402             ,R205
20.0,114-2201-C4,RES 2.20K 1/16W 1% 50V 0402             ,R58
20.0,114-2201-C4,RES 2.20K 1/16W 1% 50V 0402             ,R105
20.0,114-2201-C4,RES 2.20K 1/16W 1% 50V 0402             ,R111
20.0,114-2201-C4,RES 2.20K 1/16W 1% 50V 0402             ,R122
20.0,114-2201-C4,RES 2.20K 1/16W 1% 50V 0402             ,R155
20.0,114-2201-C4,RES 2.20K 1/16W 1% 50V 0402             ,R156
20.0,114-2201-C4,RES 2.20K 1/16W 1% 50V 0402             ,R157
20.0,114-2201-C4,RES 2.20K 1/16W 1% 50V 0402             ,R158
20.0,114-2201-C4,RES 2.20K 1/16W 1% 50V 0402             ,R159
20.0,114-2201-C4,RES 2.20K 1/16W 1% 50V 0402             ,R160
20.0,114-2201-C4,RES 2.20K 1/16W 1% 50V 0402             ,R162
20.0,114-2201-C4,RES 2.20K 1/16W 1% 50V 0402             ,R163
20.0,114-2201-C4,RES 2.20K 1/16W 1% 50V 0402             ,R166
20.0,114-2201-C4,RES 2.20K 1/16W 1% 50V 0402             ,R167
20.0,114-2201-C4,RES 2.20K 1/16W 1% 50V 0402             ,R168
20.0,114-2201-C4,RES 2.20K 1/16W 1% 50V 0402             ,R169
20.0,114-2201-C4,RES 2.20K 1/16W 1% 50V 0402             ,R203
20.0,114-2201-C4,RES 2.20K 1/16W 1% 50V 0402             ,R208
20.0,114-2200-C4,RES 220 1/16W 1% 50V 0402               ,R398
20.0,114-2200-B6,RES 220 OHM .1W 5% 0805                 ,R240
20.0,114-2200-A4,RES 220 1/10W 1% 50V 0603               ,R1
20.0,114-2200-A4,RES 220 1/10W 1% 50V 0603               ,R2
20.0,114-2200-A4,RES 220 1/10W 1% 50V 0603               ,R109
20.0,114-2200-A4,RES 220 1/10W 1% 50V 0603               ,R110
20.0,114-2200-A4,RES 220 1/10W 1% 50V 0603               ,R220
20.0,114-2200-A4,RES 220 1/10W 1% 50V 0603               ,R221
20.0,114-1R00-B4,RES 1.00 1/8W 1% 150V 0805              ,R165
20.0,114-1501-C4,RES 1.50K 1/16W 1% 50V 0402,R269
20.0,114-1501-C4,RES 1.50K 1/16W 1% 50V 0402,R440
20.0,114-1501-C4,RES 1.50K 1/16W 1% 50V 0402,R442
20.0,114-1242-C4,RES 12.4K 1/16W 1% 50V 0402             ,R390
20.0,114-1200-A4,RES 120 1/10W 1% 50V 0603               ,R28
20.0,114-1200-A4,RES 120 1/10W 1% 50V 0603               ,R359
20.0,114-1200-A4,RES 120 1/10W 1% 50V 0603               ,R360
20.0,114-1200-A4,RES 120 1/10W 1% 50V 0603               ,R361
20.0,114-10R0-C4,RES 10.0 1/16W 1% 50V 0402              ,R341
20.0,114-1004-26,RES 1.0M 1/4W 5% 200V 1206              ,R461
20.0,114-1003-C4,RES 100K 1/16W 1% 0402                  ,R43
20.0,114-1003-C4,RES 100K 1/16W 1% 0402                  ,R449
20.0,114-1003-C4,RES 100K 1/16W 1% 0402                  ,R450
20.0,114-1003-C4,RES 100K 1/16W 1% 0402                  ,R452
20.0,114-1002-C4,RES 10.0K 1/16W 1% 50V 0402             ,R15
20.0,114-1002-C4,RES 10.0K 1/16W 1% 50V 0402             ,R16
20.0,114-1002-C4,RES 10.0K 1/16W 1% 50V 0402             ,R18
20.0,114-1002-C4,RES 10.0K 1/16W 1% 50V 0402             ,R36
20.0,114-1002-C4,RES 10.0K 1/16W 1% 50V 0402             ,R37
20.0,114-1002-C4,RES 10.0K 1/16W 1% 50V 0402             ,R72
20.0,114-1002-C4,RES 10.0K 1/16W 1% 50V 0402             ,R98
20.0,114-1002-C4,RES 10.0K 1/16W 1% 50V 0402             ,R100
20.0,114-1002-C4,RES 10.0K 1/16W 1% 50V 0402             ,R106
20.0,114-1002-C4,RES 10.0K 1/16W 1% 50V 0402             ,R107
20.0,114-1002-C4,RES 10.0K 1/16W 1% 50V 0402             ,R108
20.0,114-1002-C4,RES 10.0K 1/16W 1% 50V 0402             ,R114
20.0,114-1002-C4,RES 10.0K 1/16W 1% 50V 0402             ,R117
20.0,114-1002-C4,RES 10.0K 1/16W 1% 50V 0402             ,R193
20.0,114-1002-C4,RES 10.0K 1/16W 1% 50V 0402             ,R223
20.0,114-1002-C4,RES 10.0K 1/16W 1% 50V 0402             ,R233
20.0,114-1002-C4,RES 10.0K 1/16W 1% 50V 0402             ,R251
20.0,114-1002-C4,RES 10.0K 1/16W 1% 50V 0402             ,R258
20.0,114-1002-C4,RES 10.0K 1/16W 1% 50V 0402             ,R267
20.0,114-1002-C4,RES 10.0K 1/16W 1% 50V 0402             ,R268
20.0,114-1002-C4,RES 10.0K 1/16W 1% 50V 0402             ,R297
20.0,114-1002-C4,RES 10.0K 1/16W 1% 50V 0402             ,R316
20.0,114-1002-C4,RES 10.0K 1/16W 1% 50V 0402             ,R317
20.0,114-1002-C4,RES 10.0K 1/16W 1% 50V 0402             ,R319
20.0,114-1002-C4,RES 10.0K 1/16W 1% 50V 0402             ,R321
20.0,114-1002-C4,RES 10.0K 1/16W 1% 50V 0402             ,R322
20.0,114-1002-C4,RES 10.0K 1/16W 1% 50V 0402             ,R323
20.0,114-1002-C4,RES 10.0K 1/16W 1% 50V 0402             ,R329
20.0,114-1002-C4,RES 10.0K 1/16W 1% 50V 0402             ,R358
20.0,114-1002-C4,RES 10.0K 1/16W 1% 50V 0402             ,R369
20.0,114-1002-C4,RES 10.0K 1/16W 1% 50V 0402             ,R375
20.0,114-1002-C4,RES 10.0K 1/16W 1% 50V 0402             ,R377
20.0,114-1002-C4,RES 10.0K 1/16W 1% 50V 0402             ,R413
20.0,114-1002-C4,RES 10.0K 1/16W 1% 50V 0402             ,R436
20.0,114-1002-C4,RES 10.0K 1/16W 1% 50V 0402             ,R437
20.0,114-1002-C4,RES 10.0K 1/16W 1% 50V 0402             ,R447
20.0,114-1002-C4,RES 10.0K 1/16W 1% 50V 0402             ,R448
20.0,114-1002-C4,RES 10.0K 1/16W 1% 50V 0402             ,R451
20.0,114-1001-C4,RES 1.00K 1/16W 1% 50V 0402             ,R26
20.0,114-1001-C4,RES 1.00K 1/16W 1% 50V 0402             ,R235
20.0,114-1001-C4,RES 1.00K 1/16W 1% 50V 0402             ,R353
20.0,114-1001-C4,RES 1.00K 1/16W 1% 50V 0402             ,R367
20.0,114-1001-C4,RES 1.00K 1/16W 1% 50V 0402             ,R397
20.0,114-1001-C4,RES 1.00K 1/16W 1% 50V 0402             ,R412
20.0,114-1000-C4,RES 100 1/16W 1% 50V 0402               ,R34
20.0,114-1000-C4,RES 100 1/16W 1% 50V 0402               ,R283
20.0,114-1000-C4,RES 100 1/16W 1% 50V 0402               ,R284
20.0,114-1000-C4,RES 100 1/16W 1% 50V 0402               ,R332
20.0,114-0000-C6,RES 0 JMPR 1.0A 0402                    ,R7
20.0,114-0000-C6,RES 0 JMPR 1.0A 0402                    ,R19
20.0,114-0000-C6,RES 0 JMPR 1.0A 0402                    ,R20
20.0,114-0000-C6,RES 0 JMPR 1.0A 0402                    ,R21
20.0,114-0000-C6,RES 0 JMPR 1.0A 0402                    ,R25
20.0,114-0000-C6,RES 0 JMPR 1.0A 0402                    ,R35
20.0,114-0000-C6,RES 0 JMPR 1.0A 0402                    ,R38
20.0,114-0000-C6,RES 0 JMPR 1.0A 0402                    ,R101
20.0,114-0000-C6,RES 0 JMPR 1.0A 0402                    ,R131
20.0,114-0000-C6,RES 0 JMPR 1.0A 0402                    ,R145
20.0,114-0000-C6,RES 0 JMPR 1.0A 0402                    ,R171
20.0,114-0000-C6,RES 0 JMPR 1.0A 0402                    ,R172
20.0,114-0000-C6,RES 0 JMPR 1.0A 0402                    ,R200
20.0,114-0000-C6,RES 0 JMPR 1.0A 0402                    ,R202
20.0,114-0000-C6,RES 0 JMPR 1.0A 0402                    ,R222
20.0,114-0000-C6,RES 0 JMPR 1.0A 0402                    ,R229
20.0,114-0000-C6,RES 0 JMPR 1.0A 0402                    ,R241
20.0,114-0000-C6,RES 0 JMPR 1.0A 0402                    ,R325
20.0,114-0000-C6,RES 0 JMPR 1.0A 0402                    ,R328
20.0,114-0000-C6,RES 0 JMPR 1.0A 0402                    ,R364
20.0,114-0000-C6,RES 0 JMPR 1.0A 0402                    ,R366
20.0,114-0000-C6,RES 0 JMPR 1.0A 0402                    ,R389
20.0,114-0000-C6,RES 0 JMPR 1.0A 0402                    ,R406
20.0,114-0000-C6,RES 0 JMPR 1.0A 0402                    ,R407
20.0,114-0000-C6,RES 0 JMPR 1.0A 0402                    ,R408
20.0,114-0000-C6,RES 0 JMPR 1.0A 0402                    ,R429
20.0,114-0000-C6,RES 0 JMPR 1.0A 0402                    ,R431
20.0,114-0000-A6,RES 0 JMPR 1.0A 0603                    ,R5
20.0,114-0000-A6,RES 0 JMPR 1.0A 0603                    ,R6
20.0,114-0000-A6,RES 0 JMPR 1.0A 0603                    ,R164
20.0,114-0000-A6,RES 0 JMPR 1.0A 0603                    ,R326
20.0,114-0000-A6,RES 0 JMPR 1.0A 0603                    ,R327
20.0,106-23576-02,CAP 47UF 20% X5R 6.3V 0805,C22
20.0,106-23576-02,CAP 47UF 20% X5R 6.3V 0805,C127
20.0,106-23576-02,CAP 47UF 20% X5R 6.3V 0805,C131
20.0,106-23576-02,CAP 47UF 20% X5R 6.3V 0805,C135
20.0,106-23576-02,CAP 47UF 20% X5R 6.3V 0805,C136
20.0,106-23576-02,CAP 47UF 20% X5R 6.3V 0805,C139
20.0,106-23576-02,CAP 47UF 20% X5R 6.3V 0805,C140
20.0,106-23576-02,CAP 47UF 20% X5R 6.3V 0805,C217
20.0,106-23576-02,CAP 47UF 20% X5R 6.3V 0805,C218
20.0,106-23576-02,CAP 47UF 20% X5R 6.3V 0805,C219
20.0,106-23576-02,CAP 47UF 20% X5R 6.3V 0805,C220
20.0,106-23576-02,CAP 47UF 20% X5R 6.3V 0805,C503
20.0,106-23576-02,CAP 47UF 20% X5R 6.3V 0805,C504
20.0,106-23576-02,CAP 47UF 20% X5R 6.3V 0805,C508
20.0,106-23576-02,CAP 47UF 20% X5R 6.3V 0805,C509
20.0,106-20765-02,CAP 10NF 1KV 10% X7R 1206,C519
20.0,106-20763-02,CAP 1000PF 1KV 10% X7R 1206,C170
20.0,106-20763-02,CAP 1000PF 1KV 10% X7R 1206,C172
20.0,106-20133-02,CAP CM 10UF 10V 10% X7R 0805,C50
20.0,106-20133-02,CAP CM 10UF 10V 10% X7R 0805,C261
20.0,106-20133-02,CAP CM 10UF 10V 10% X7R 0805,C266
20.0,106-0758-02,CAP CM 10UF 20% X5R 6.3V 0402,C290
20.0,106-0753-02,CAP CM 33PF 50V 1% NPO 0603,C37
20.0,106-0753-02,CAP CM 33PF 50V 1% NPO 0603,C40
20.0,106-0753-02,CAP CM 33PF 50V 1% NPO 0603,C41
20.0,106-0753-02,CAP CM 33PF 50V 1% NPO 0603,C42
20.0,106-0753-02,CAP CM 33PF 50V 1% NPO 0603,C44
20.0,106-0753-02,CAP CM 33PF 50V 1% NPO 0603,C45
20.0,106-0753-02,CAP CM 33PF 50V 1% NPO 0603,C46
20.0,106-0753-02,CAP CM 33PF 50V 1% NPO 0603,C47
20.0,106-0753-02,CAP CM 33PF 50V 1% NPO 0603,C83
20.0,106-0753-02,CAP CM 33PF 50V 1% NPO 0603,C95
20.0,106-0753-02,CAP CM 33PF 50V 1% NPO 0603,C108
20.0,106-0753-02,CAP CM 33PF 50V 1% NPO 0603,C128
20.0,106-0753-02,CAP CM 33PF 50V 1% NPO 0603,C167
20.0,106-0753-02,CAP CM 33PF 50V 1% NPO 0603,C178
20.0,106-0753-02,CAP CM 33PF 50V 1% NPO 0603,C182
20.0,106-0753-02,CAP CM 33PF 50V 1% NPO 0603,C187
20.0,106-0753-02,CAP CM 33PF 50V 1% NPO 0603,C247
20.0,106-0753-02,CAP CM 33PF 50V 1% NPO 0603,C248
20.0,106-0753-02,CAP CM 33PF 50V 1% NPO 0603,C249
20.0,106-0753-02,CAP CM 33PF 50V 1% NPO 0603,C250
20.0,106-0753-02,CAP CM 33PF 50V 1% NPO 0603,C253
20.0,106-0753-02,CAP CM 33PF 50V 1% NPO 0603,C254
20.0,106-0753-02,CAP CM 33PF 50V 1% NPO 0603,C255
20.0,106-0753-02,CAP CM 33PF 50V 1% NPO 0603,C256
20.0,106-0699-02,CAP 100NF CM 10% 200V XZR 1812,C152
20.0,106-0699-02,CAP 100NF CM 10% 200V XZR 1812,C487
20.0,106-0699-02,CAP 100NF CM 10% 200V XZR 1812,C502
20.0,106-0688-02,CAP CER 47NF 20% 100V X7R 0805,C404
20.0,106-0665-02,CAP 10PF CM 5% 50V NPO 0402,C114
20.0,106-0665-02,CAP 10PF CM 5% 50V NPO 0402,C149
20.0,106-0627-02,CAP 10UF CM 20% X5R 6.3V 0603,C121
20.0,106-0627-02,CAP 10UF CM 20% X5R 6.3V 0603,C278
20.0,106-0627-02,CAP 10UF CM 20% X5R 6.3V 0603,C286
20.0,106-0627-02,CAP 10UF CM 20% X5R 6.3V 0603,C433
20.0,106-0610-02,CAP 2N2 CM 5% 50V NPO 0805              ,C307
20.0,106-0560-02,CAP 390PF CM 5% 50V NPO 0402            ,C430
20.0,106-0559-02,CAP 47UF CM 20% X5R 6.3V 1206           ,C359
20.0,106-0550-02,CAP 470PF 0402 50V NPO +/-5%            ,C232
20.0,106-0547-02,CAP .01UF CM 100V 10% X7R 0603,C157
20.0,106-0547-02,CAP .01UF CM 100V 10% X7R 0603,C423
20.0,106-0502-02,CAP 10UF CM 10V 10% X5R 0805            ,C138
20.0,106-0501-02,CAP 8.2PF CM 50V .25PF 0603             ,C36
20.0,106-0501-02,CAP 8.2PF CM 50V .25PF 0603             ,C43
20.0,106-0501-02,CAP 8.2PF CM 50V .25PF 0603             ,C67
20.0,106-0501-02,CAP 8.2PF CM 50V .25PF 0603             ,C129
20.0,106-0501-02,CAP 8.2PF CM 50V .25PF 0603             ,C245
20.0,106-0501-02,CAP 8.2PF CM 50V .25PF 0603             ,C252
20.0,106-0483-02,CAP 12PF CM 50V 2% COG 0603             ,C35
20.0,106-0483-02,CAP 12PF CM 50V 2% COG 0603             ,C66
20.0,106-0483-02,CAP 12PF CM 50V 2% COG 0603             ,C244
20.0,106-0476-02,CAP 1NF CM 50V 5% COG 0402              ,C13
20.0,106-0476-02,CAP 1NF CM 50V 5% COG 0402              ,C14
20.0,106-0476-02,CAP 1NF CM 50V 5% COG 0402              ,C311
20.0,106-0476-02,CAP 1NF CM 50V 5% COG 0402              ,C347
20.0,106-0476-02,CAP 1NF CM 50V 5% COG 0402              ,C348
20.0,106-0476-02,CAP 1NF CM 50V 5% COG 0402              ,C355
20.0,106-0476-02,CAP 1NF CM 50V 5% COG 0402              ,C371
20.0,106-0453-02,CAP CM 1NF 5% NP0 25V 0603,C204
20.0,106-0453-02,CAP CM 1NF 5% NP0 25V 0603,C246
20.0,106-0453-02,CAP CM 1NF 5% NP0 25V 0603,C408
20.0,106-0303-02,CAP 10UF 16V 10% X7R 1206               ,C76
20.0,106-0303-02,CAP 10UF 16V 10% X7R 1206               ,C104
20.0,106-0303-02,CAP 10UF 16V 10% X7R 1206               ,C171
20.0,106-0303-02,CAP 10UF 16V 10% X7R 1206               ,C489
20.0,106-0303-02,CAP 10UF 16V 10% X7R 1206               ,C490
20.0,106-0303-02,CAP 10UF 16V 10% X7R 1206               ,C492
20.0,106-0299-02,CAP .1UF 16V 10% X7R 0402               ,C2
20.0,106-0299-02,CAP .1UF 16V 10% X7R 0402               ,C9
20.0,106-0299-02,CAP .1UF 16V 10% X7R 0402               ,C15
20.0,106-0299-02,CAP .1UF 16V 10% X7R 0402               ,C28
20.0,106-0299-02,CAP .1UF 16V 10% X7R 0402               ,C29
20.0,106-0299-02,CAP .1UF 16V 10% X7R 0402               ,C64
20.0,106-0299-02,CAP .1UF 16V 10% X7R 0402               ,C71
20.0,106-0299-02,CAP .1UF 16V 10% X7R 0402               ,C75
20.0,106-0299-02,CAP .1UF 16V 10% X7R 0402               ,C80
20.0,106-0299-02,CAP .1UF 16V 10% X7R 0402               ,C84
20.0,106-0299-02,CAP .1UF 16V 10% X7R 0402               ,C94
20.0,106-0299-02,CAP .1UF 16V 10% X7R 0402               ,C101
20.0,106-0299-02,CAP .1UF 16V 10% X7R 0402               ,C103
20.0,106-0299-02,CAP .1UF 16V 10% X7R 0402               ,C116
20.0,106-0299-02,CAP .1UF 16V 10% X7R 0402               ,C117
20.0,106-0299-02,CAP .1UF 16V 10% X7R 0402               ,C120
20.0,106-0299-02,CAP .1UF 16V 10% X7R 0402               ,C122
20.0,106-0299-02,CAP .1UF 16V 10% X7R 0402               ,C133
20.0,106-0299-02,CAP .1UF 16V 10% X7R 0402               ,C134
20.0,106-0299-02,CAP .1UF 16V 10% X7R 0402               ,C208
20.0,106-0299-02,CAP .1UF 16V 10% X7R 0402               ,C209
20.0,106-0299-02,CAP .1UF 16V 10% X7R 0402               ,C210
20.0,106-0299-02,CAP .1UF 16V 10% X7R 0402               ,C211
20.0,106-0299-02,CAP .1UF 16V 10% X7R 0402               ,C239
20.0,106-0299-02,CAP .1UF 16V 10% X7R 0402               ,C241
20.0,106-0299-02,CAP .1UF 16V 10% X7R 0402               ,C262
20.0,106-0299-02,CAP .1UF 16V 10% X7R 0402               ,C263
20.0,106-0299-02,CAP .1UF 16V 10% X7R 0402               ,C304
20.0,106-0299-02,CAP .1UF 16V 10% X7R 0402               ,C310
20.0,106-0299-02,CAP .1UF 16V 10% X7R 0402               ,C313
20.0,106-0299-02,CAP .1UF 16V 10% X7R 0402               ,C314
20.0,106-0299-02,CAP .1UF 16V 10% X7R 0402               ,C319
20.0,106-0299-02,CAP .1UF 16V 10% X7R 0402               ,C321
20.0,106-0299-02,CAP .1UF 16V 10% X7R 0402               ,C323
20.0,106-0299-02,CAP .1UF 16V 10% X7R 0402               ,C328
20.0,106-0299-02,CAP .1UF 16V 10% X7R 0402               ,C340
20.0,106-0299-02,CAP .1UF 16V 10% X7R 0402               ,C379
20.0,106-0299-02,CAP .1UF 16V 10% X7R 0402               ,C380
20.0,106-0299-02,CAP .1UF 16V 10% X7R 0402               ,C381
20.0,106-0299-02,CAP .1UF 16V 10% X7R 0402               ,C382
20.0,106-0299-02,CAP .1UF 16V 10% X7R 0402               ,C393
20.0,106-0299-02,CAP .1UF 16V 10% X7R 0402               ,C394
20.0,106-0299-02,CAP .1UF 16V 10% X7R 0402               ,C396
20.0,106-0299-02,CAP .1UF 16V 10% X7R 0402               ,C426
20.0,106-0299-02,CAP .1UF 16V 10% X7R 0402               ,C440
20.0,106-0299-02,CAP .1UF 16V 10% X7R 0402               ,C441
20.0,106-0299-02,CAP .1UF 16V 10% X7R 0402               ,C442
20.0,106-0299-02,CAP .1UF 16V 10% X7R 0402               ,C443
20.0,106-0299-02,CAP .1UF 16V 10% X7R 0402               ,C444
20.0,106-0299-02,CAP .1UF 16V 10% X7R 0402               ,C445
20.0,106-0299-02,CAP .1UF 16V 10% X7R 0402               ,C446
20.0,106-0299-02,CAP .1UF 16V 10% X7R 0402               ,C447
20.0,106-0299-02,CAP .1UF 16V 10% X7R 0402               ,C466
20.0,106-0299-02,CAP .1UF 16V 10% X7R 0402               ,C467
20.0,106-0299-02,CAP .1UF 16V 10% X7R 0402               ,C491
20.0,106-0299-02,CAP .1UF 16V 10% X7R 0402               ,C494
20.0,106-0275-02,CAP 22PF CM 50V 5% NPO 0402             ,C258
20.0,106-0275-02,CAP 22PF CM 50V 5% NPO 0402             ,C259
20.0,106-0275-02,CAP 22PF CM 50V 5% NPO 0402             ,C264
20.0,106-0275-02,CAP 22PF CM 50V 5% NPO 0402             ,C265
20.0,106-0275-02,CAP 22PF CM 50V 5% NPO 0402             ,C267
20.0,106-0275-02,CAP 22PF CM 50V 5% NPO 0402             ,C280
20.0,106-0275-02,CAP 22PF CM 50V 5% NPO 0402             ,C342
20.0,106-0275-02,CAP 22PF CM 50V 5% NPO 0402             ,C450
20.0,106-0275-02,CAP 22PF CM 50V 5% NPO 0402             ,C455
20.0,106-0275-02,CAP 22PF CM 50V 5% NPO 0402             ,C456
20.0,106-0275-02,CAP 22PF CM 50V 5% NPO 0402             ,C458
20.0,106-0268-02,CAP 33PF CM 50V 2% NPO 0402             ,C389
20.0,106-0268-02,CAP 33PF CM 50V 2% NPO 0402             ,C390
20.0,106-0266-02,CAP .1UF CM 50V 10% X7R 0603,C8
20.0,106-0266-02,CAP .1UF CM 50V 10% X7R 0603,C10
20.0,106-0266-02,CAP .1UF CM 50V 10% X7R 0603,C350
20.0,106-0266-02,CAP .1UF CM 50V 10% X7R 0603,C357
20.0,106-0266-02,CAP .1UF CM 50V 10% X7R 0603,C387
20.0,106-0264-02,CAP 1UF CM 6.3V 10% X5R 0402,C4
20.0,106-0264-02,CAP 1UF CM 6.3V 10% X5R 0402,C5
20.0,106-0264-02,CAP 1UF CM 6.3V 10% X5R 0402,C78
20.0,106-0264-02,CAP 1UF CM 6.3V 10% X5R 0402,C79
20.0,106-0264-02,CAP 1UF CM 6.3V 10% X5R 0402,C85
20.0,106-0264-02,CAP 1UF CM 6.3V 10% X5R 0402,C96
20.0,106-0264-02,CAP 1UF CM 6.3V 10% X5R 0402,C97
20.0,106-0264-02,CAP 1UF CM 6.3V 10% X5R 0402,C123
20.0,106-0264-02,CAP 1UF CM 6.3V 10% X5R 0402,C212
20.0,106-0264-02,CAP 1UF CM 6.3V 10% X5R 0402,C214
20.0,106-0264-02,CAP 1UF CM 6.3V 10% X5R 0402,C287
20.0,106-0264-02,CAP 1UF CM 6.3V 10% X5R 0402,C292
20.0,106-0264-02,CAP 1UF CM 6.3V 10% X5R 0402,C293
20.0,106-0264-02,CAP 1UF CM 6.3V 10% X5R 0402,C294
20.0,106-0264-02,CAP 1UF CM 6.3V 10% X5R 0402,C295
20.0,106-0264-02,CAP 1UF CM 6.3V 10% X5R 0402,C296
20.0,106-0264-02,CAP 1UF CM 6.3V 10% X5R 0402,C297
20.0,106-0264-02,CAP 1UF CM 6.3V 10% X5R 0402,C298
20.0,106-0264-02,CAP 1UF CM 6.3V 10% X5R 0402,C299
20.0,106-0264-02,CAP 1UF CM 6.3V 10% X5R 0402,C300
20.0,106-0264-02,CAP 1UF CM 6.3V 10% X5R 0402,C341
20.0,106-0264-02,CAP 1UF CM 6.3V 10% X5R 0402,C368
20.0,106-0264-02,CAP 1UF CM 6.3V 10% X5R 0402,C370
20.0,106-0258-02,CAP 27PF CM 50V 5% COG 0402             ,C268
20.0,106-0258-02,CAP 27PF CM 50V 5% COG 0402             ,C270
20.0,106-0246-02,CAP 2200PF CM 50V X7R 10% 0402          ,C160
20.0,106-0246-02,CAP 2200PF CM 50V X7R 10% 0402          ,C162
20.0,106-0245-02,CAP .01UF CM 16V X7R 10% 0402           ,C73
20.0,106-0245-02,CAP .01UF CM 16V X7R 10% 0402           ,C92
20.0,106-0245-02,CAP .01UF CM 16V X7R 10% 0402           ,C276
20.0,106-0245-02,CAP .01UF CM 16V X7R 10% 0402           ,C320
20.0,106-0245-02,CAP .01UF CM 16V X7R 10% 0402           ,C449
20.0,106-0240-02,CAP 33PF CM 50V 5% NPO 0402             ,C343
20.0,106-0231-02,CAP 1UF CM 25V X7R 10% 1206,C305
20.0,106-0154-02,CAP CM 100PF NPO 50V 5% 0603,C151
20.0,106-0133-02,CAP 680PF CM 50V 5% 0603                ,C21
20.0,095-0044-02,CAP 220uF AE 1KHR 105C 6.3V 20%6.3MM SMD,C11
20.0,095-0044-02,CAP 220uF AE 1KHR 105C 6.3V 20%6.3MM SMD,C505
20.0,095-0044-02,CAP 220uF AE 1KHR 105C 6.3V 20%6.3MM SMD,C510
20.0,095-0041-02,CAP 470UF 20% 25V ELEC 105C 10X10MM SMD,C132
20.0,095-0041-02,CAP 470UF 20% 25V ELEC 105C 10X10MM SMD,C173
20.0,095-0030-02,CAP 220UF AE 2KHR 105C 50V 20% 10.5MM SM,C150
20.0,095-0030-02,CAP 220UF AE 2KHR 105C 50V 20% 10.5MM SM,C168
20.0,095-0030-02,CAP 220UF AE 2KHR 105C 50V 20% 10.5MM SM,C486
20.0,089-0474-00,STANDOFF M2.5 3MM SMTSO,M2
20.0,089-0474-00,STANDOFF M2.5 3MM SMTSO,M3
20.0,051-1279-00,C_DCL IC BLANK .30 X .45,BC1
20.0,046-0187-01,XTAL 16.000MHZ 10 PF LOAD SMT,Y8
20.0,046-0182-01,XTAL 28.6363MHZ 18PF SMD,Y2
20.0,046-0152-01,XTAL 12MHZ 12PF 20PPM SMD               ,Y3
20.0,046-0009-02,MEMS OSC W/STBY 25MHz 3.3V 2.5x2mm SMT,Y7
20.0,046-0003-00,XTAL 3.6864MHZ 30PPM HC-49SMD           ,Y5
20.0,037-22195-00,CONN MICRO SD PUSH-PUSH H75N3,J6
20.0,037-22076-02,CON eDP RCPTLE 20POS 0.5MM 20455 SMT,J25
20.0,037-0587-02,CONN HDR 12 POS SNGL 1MM SMT,J19
20.0,037-0213-04,"CONN,2X7WAY,2MM,MOLEX,878321420,SMD",J7
20.0,037-0200-04,CONN COAX RECPT ULTRA SML SMD,J2
20.0,037-0200-04,CONN COAX RECPT ULTRA SML SMD,J10
20.0,037-0189-04,CONN 4WAY 1.25MM R/A HDR SMT            ,J21
20.0,037-0187-04,CONN SIDE 2P SMT JST                    ,J15
20.0,037-0187-04,CONN SIDE 2P SMT JST                    ,J35
20.0,037-0175-04,CONN 200P 2.5V SO DIMM 30 UIN           ,J16
20.0,037-0081-04,CONN 2 PIN 1.25MM VERT SMT              ,J8
20.0,037-0081-04,CONN 2 PIN 1.25MM VERT SMT              ,J23
20.0,037-0081-04,CONN 2 PIN 1.25MM VERT SMT              ,J24
20.0,037-0081-04,CONN 2 PIN 1.25MM VERT SMT              ,J26
20.0,037-0031-04,CONN FFC VERT 30-POS 0.5MM              ,J30
20.0,029-25630-08,IND CMC 370MA 2LN 90 OHM SMD,L20
20.0,029-25630-08,IND CMC 370MA 2LN 90 OHM SMD,L44
20.0,029-25630-08,IND CMC 370MA 2LN 90 OHM SMD,L45
20.0,029-23573-00,XFMR FLYBCK PA6605 FOR LM5122 SMD,L11
20.0,029-22056-08,IND PWR SHLD 22UH 20% 165mOHM 1.9A SMD,L68
20.0,029-0253-08,FERRITE CHIP 240 OHM 0402,L79
20.0,029-0248-08,CMC 1100 ohm  0.44 ohm 500mA 1206,L36
20.0,029-0248-08,CMC 1100 ohm  0.44 ohm 500mA 1206,L90
20.0,029-0233-08,INDCTR  WW 15NH 2% 0.7A 0603 1.02MM,L6
20.0,029-0233-08,INDCTR  WW 15NH 2% 0.7A 0603 1.02MM,L10
20.0,029-0233-08,INDCTR  WW 15NH 2% 0.7A 0603 1.02MM,L12
20.0,029-0233-08,INDCTR  WW 15NH 2% 0.7A 0603 1.02MM,L13
20.0,029-0233-08,INDCTR  WW 15NH 2% 0.7A 0603 1.02MM,L16
20.0,029-0233-08,INDCTR  WW 15NH 2% 0.7A 0603 1.02MM,L18
20.0,029-0233-08,INDCTR  WW 15NH 2% 0.7A 0603 1.02MM,L19
20.0,029-0233-08,INDCTR  WW 15NH 2% 0.7A 0603 1.02MM,L21
20.0,029-0233-08,INDCTR  WW 15NH 2% 0.7A 0603 1.02MM,L50
20.0,029-0233-08,INDCTR  WW 15NH 2% 0.7A 0603 1.02MM,L53
20.0,029-0233-08,INDCTR  WW 15NH 2% 0.7A 0603 1.02MM,L54
20.0,029-0233-08,INDCTR  WW 15NH 2% 0.7A 0603 1.02MM,L55
20.0,029-0232-08,FERRITE BEAD 1000 OHM 25% 250MA BLM 040,L40
20.0,029-0232-08,FERRITE BEAD 1000 OHM 25% 250MA BLM 040,L77
20.0,029-0229-08,CHOKE 4700UH 400MA CC2824 SMD,L15
20.0,029-0229-08,CHOKE 4700UH 400MA CC2824 SMD,L38
20.0,029-0229-08,CHOKE 4700UH 400MA CC2824 SMD,L78
20.0,029-0165-08,IND 10UH 0.55A 0.2E SUMIDA SMD,L56
20.0,029-0141-08,INDCTR 4.7UH 11.2A PWR SMT              ,L1
20.0,027-0059-00,FERRITE CHIP BEAD 6A 50 OHM 1206,L66
20.0,027-0059-00,FERRITE CHIP BEAD 6A 50 OHM 1206,L82
20.0,027-0059-00,FERRITE CHIP BEAD 6A 50 OHM 1206,L85
20.0,027-0059-00,FERRITE CHIP BEAD 6A 50 OHM 1206,L86
20.0,027-0055-00,FRRT CHP EMIFLT 200MHZ 0603,FL8
20.0,027-0041-00,FLTR FER BEAD EMI 0402                  ,L2
20.0,027-0041-00,FLTR FER BEAD EMI 0402                  ,L29
20.0,027-0041-00,FLTR FER BEAD EMI 0402                  ,L57
20.0,027-0041-00,FLTR FER BEAD EMI 0402                  ,L61
20.0,027-0041-00,FLTR FER BEAD EMI 0402                  ,L64
20.0,027-0041-00,FLTR FER BEAD EMI 0402                  ,L81
20.0,027-0016-02,IND PWR SHLD 22UH 7.3X7.3MM SMD,L74
20.0,016-20446-02,DIO SCHKTY 60V VF .5V 10A TO-277 SMPC,D3
20.0,016-20446-02,DIO SCHKTY 60V VF .5V 10A TO-277 SMPC,D4
20.0,016-0055-06,DIO SCHKTY 40V 3A SMA,D15
20.0,016-0055-06,DIO SCHKTY 40V 3A SMA,D19
20.0,016-0055-06,DIO SCHKTY 40V 3A SMA,D21
20.0,016-0025-03,DIO SCHTKY 1A 40V  SS14 SMA,D13
20.0,016-0013-09,DIO 200V 200mA BAS21H SOD123,D1
20.0,016-0013-09,DIO 200V 200mA BAS21H SOD123,D20
20.0,015-0090-01,XSTR Pch 55V 42A 20mR_10Vg D2PAK,Q26
20.0,015-0067-01,XSTR FDV303N N-CHNL MOSFET              ,Q62
20.0,015-0059-07,"XSTR,PNP,150V,0.3A, MMBT5401 SOT23",Q2
20.0,015-0059-07,"XSTR,PNP,150V,0.3A, MMBT5401 SOT23",Q3
20.0,015-0050-07,XSTR PNP 65V 100MA BC856BW SOT323,Q25
20.0,015-0050-07,XSTR PNP 65V 100MA BC856BW SOT323,Q57
20.0,015-0042-01,XSTR P-CH PWR MOSFET SOT-23             ,Q49
20.0,015-0031-07,XSTR 4081 NPN SOT-323                   ,Q29
20.0,015-0031-07,XSTR 4081 NPN SOT-323                   ,Q45
20.0,015-0026-08,XSTR PXTA42 NPN 300V 100mA 1.3W SOT89,Q35
20.0,015-0026-08,XSTR PXTA42 NPN 300V 100mA 1.3W SOT89,Q36
20.0,015-0003-02,XSTR NCH 50V 1.2A PRTCT SOT223          ,Q32
20.0,014-23975-00,IC CAN XCVR PWR ISLTD ADM3053 SOIC20,U68
20.0,014-23630-00,HDMI RCVR BCKDRV PROT TPD12S520 TSSOP38,U65
20.0,014-23572-00,IC UART DUL I2C/SPI SC16IS762 QFN32,U24
20.0,014-22743-00,IC VIDEO HDMI TO MIPI ADV7482 BGA100,U55
20.0,014-22690-00,IC CURRENT LIMIT SWITCH 500MA SOT23-5,U5
20.0,014-22690-00,IC CURRENT LIMIT SWITCH 500MA SOT23-5,U20
20.0,014-22690-00,IC CURRENT LIMIT SWITCH 500MA SOT23-5,U32
20.0,014-22690-00,IC CURRENT LIMIT SWITCH 500MA SOT23-5,U77
20.0,014-0816-00,IC ADC12BIT I2C 4 CHNL 3.3KPS QFN10,U12
20.0,014-0808-00,IC DUL ISLTR 1MBPS 2.5KV SOIC8,U61
20.0,014-0803-00,IC 5 PRT 10/100 ETH SWTCH PQFP128-20X14,U56
20.0,014-0620-00,DIG ISOLATOR 3kV CMOS 2-CH 100Mbps SOIC8,U23
20.0,014-0577-00,IC MCU 64KB FLASH STM32F103C8 LQFP48,U19
20.0,014-0546-00,IC USBLC6-2 SOT-666                     ,U8
20.0,014-0546-00,IC USBLC6-2 SOT-666                     ,U33
20.0,014-0546-00,IC USBLC6-2 SOT-666                     ,U79
20.0,014-0420-00,IC LM2733 600KHZ BST REG SOT23          ,U60
20.0,014-0390-00,IC VOLT OUT TEMP SENS                   ,U6
20.0,014-0390-00,IC VOLT OUT TEMP SENS                   ,U54
20.0,014-0390-00,IC VOLT OUT TEMP SENS                   ,U58
20.0,014-0326-00,IC HMHA2801 OPTO CPLR SMT               ,U11
20.0,014-0326-00,IC HMHA2801 OPTO CPLR SMT               ,U41
20.0,014-0326-00,IC HMHA2801 OPTO CPLR SMT               ,U45
20.0,014-0326-00,IC HMHA2801 OPTO CPLR SMT               ,U47
20.0,014-0326-00,IC HMHA2801 OPTO CPLR SMT               ,U53
20.0,014-0082-16,IC 2.5V REF SOT-23                      ,D7
20.0,014-0064-30,IC LM358DT ST DUAL OP-AMP SO8           ,U51
20.0,014-0016-34,IC LD1117 3.3V REG SOT-223              ,U62
20.0,014-0014-34,IC REG 1.8V SOT-223                     ,U31
20.0,014-0003-70,IC 1.5A 18V TTL FET DRVR SOIC8,U39
10.0,014-0128-55,IC SNGL GATE LV BUFFER SC-70            ,U29
10.0,014-0128-55,IC SNGL GATE LV BUFFER SC-70            ,U38
10.0,014-0128-55,IC SNGL GATE LV BUFFER SC-70            ,U43
10.0,140-0704-00,SOLDER PASTE SAC305 SENJU,
10.0,114-1001-A4,RES 1.00K 1/10W 1% 50V 0603             ,R40
10.0,114-1002-A4,RES 10.0K 1/10W 1% 50V 0603             ,R178
10.0,114-1002-A4,RES 10.0K 1/10W 1% 50V 0603             ,R226
10.0,114-1002-A4,RES 10.0K 1/10W 1% 50V 0603             ,R278
10.0,114-1501-A4,RES 1.50K 1/10W 1% 50V 0603             ,R279
10.0,106-28401-02,CAP 333NF 250V X7R 1812,C312
10.0,106-28401-02,CAP 333NF 250V X7R 1812,C498
10.0,106-28401-02,CAP 333NF 250V X7R 1812,C500
10.0,106-28401-02,CAP 333NF 250V X7R 1812,C501
10.0,106-0699-02,CAP 100NF CM 10% 200V XZR 1812,C317
10.0,106-0699-02,CAP 100NF CM 10% 200V XZR 1812,C499
10.0,114-2202-C4,RES 22.0K 1/16W 1% 50V 0402             ,R78
10.0,106-24102-02,CAP CM 0.01UF 5% X7R 16V 0402,C88
10.0,114-1002-C4,RES 10.0K 1/16W 1% 50V 0402             ,R4
10.0,114-1002-C4,RES 10.0K 1/16W 1% 50V 0402             ,R9
10.0,114-1002-C4,RES 10.0K 1/16W 1% 50V 0402             ,R10
10.0,114-1002-C4,RES 10.0K 1/16W 1% 50V 0402             ,R22
10.0,114-1002-C4,RES 10.0K 1/16W 1% 50V 0402             ,R23
10.0,114-1002-C4,RES 10.0K 1/16W 1% 50V 0402             ,R24
10.0,114-1002-C4,RES 10.0K 1/16W 1% 50V 0402             ,R27
10.0,114-1002-C4,RES 10.0K 1/16W 1% 50V 0402             ,R48
10.0,114-1002-C4,RES 10.0K 1/16W 1% 50V 0402             ,R79
10.0,114-1002-C4,RES 10.0K 1/16W 1% 50V 0402             ,R90
10.0,114-1002-C4,RES 10.0K 1/16W 1% 50V 0402             ,R92
10.0,114-1002-C4,RES 10.0K 1/16W 1% 50V 0402             ,R94
10.0,114-1002-C4,RES 10.0K 1/16W 1% 50V 0402             ,R97
10.0,114-1002-C4,RES 10.0K 1/16W 1% 50V 0402             ,R102
10.0,114-1002-C4,RES 10.0K 1/16W 1% 50V 0402             ,R103
10.0,114-1002-C4,RES 10.0K 1/16W 1% 50V 0402             ,R132
10.0,114-1002-C4,RES 10.0K 1/16W 1% 50V 0402             ,R133
10.0,114-1002-C4,RES 10.0K 1/16W 1% 50V 0402             ,R225
10.0,114-1002-C4,RES 10.0K 1/16W 1% 50V 0402             ,R227
10.0,114-1002-C4,RES 10.0K 1/16W 1% 50V 0402             ,R228
10.0,114-1002-C4,RES 10.0K 1/16W 1% 50V 0402             ,R230
10.0,114-1002-C4,RES 10.0K 1/16W 1% 50V 0402             ,R231
10.0,114-1002-C4,RES 10.0K 1/16W 1% 50V 0402             ,R232
10.0,114-1002-C4,RES 10.0K 1/16W 1% 50V 0402             ,R236
10.0,114-1002-C4,RES 10.0K 1/16W 1% 50V 0402             ,R247
10.0,114-1002-C4,RES 10.0K 1/16W 1% 50V 0402             ,R249
10.0,114-1002-C4,RES 10.0K 1/16W 1% 50V 0402             ,R262
10.0,114-1002-C4,RES 10.0K 1/16W 1% 50V 0402             ,R265
10.0,114-1002-C4,RES 10.0K 1/16W 1% 50V 0402             ,R275
10.0,114-1002-C4,RES 10.0K 1/16W 1% 50V 0402             ,R285
10.0,114-1002-C4,RES 10.0K 1/16W 1% 50V 0402             ,R289
10.0,114-1002-C4,RES 10.0K 1/16W 1% 50V 0402             ,R291
10.0,114-1002-C4,RES 10.0K 1/16W 1% 50V 0402             ,R292
10.0,114-1002-C4,RES 10.0K 1/16W 1% 50V 0402             ,R310
10.0,114-1002-C4,RES 10.0K 1/16W 1% 50V 0402             ,R330
10.0,114-1002-C4,RES 10.0K 1/16W 1% 50V 0402             ,R334
10.0,114-1002-C4,RES 10.0K 1/16W 1% 50V 0402             ,R336
10.0,114-1002-C4,RES 10.0K 1/16W 1% 50V 0402             ,R337
10.0,114-1002-C4,RES 10.0K 1/16W 1% 50V 0402             ,R339
10.0,114-1002-C4,RES 10.0K 1/16W 1% 50V 0402             ,R344
10.0,114-1002-C4,RES 10.0K 1/16W 1% 50V 0402             ,R355
10.0,114-1002-C4,RES 10.0K 1/16W 1% 50V 0402             ,R357
10.0,114-1002-C4,RES 10.0K 1/16W 1% 50V 0402             ,R362
10.0,114-1002-C4,RES 10.0K 1/16W 1% 50V 0402             ,R373
10.0,114-1002-C4,RES 10.0K 1/16W 1% 50V 0402             ,R425
10.0,106-0299-02,CAP .1UF 16V 10% X7R 0402               ,C27
10.0,106-0299-02,CAP .1UF 16V 10% X7R 0402               ,C38
10.0,106-0299-02,CAP .1UF 16V 10% X7R 0402               ,C105
10.0,106-0299-02,CAP .1UF 16V 10% X7R 0402               ,C107
10.0,106-0299-02,CAP .1UF 16V 10% X7R 0402               ,C118
10.0,106-0299-02,CAP .1UF 16V 10% X7R 0402               ,C137
10.0,106-0299-02,CAP .1UF 16V 10% X7R 0402               ,C142
10.0,106-0299-02,CAP .1UF 16V 10% X7R 0402               ,C143
10.0,106-0299-02,CAP .1UF 16V 10% X7R 0402               ,C180
10.0,106-0299-02,CAP .1UF 16V 10% X7R 0402               ,C203
10.0,106-0299-02,CAP .1UF 16V 10% X7R 0402               ,C207
10.0,106-0299-02,CAP .1UF 16V 10% X7R 0402               ,C216
10.0,106-0299-02,CAP .1UF 16V 10% X7R 0402               ,C231
10.0,106-0299-02,CAP .1UF 16V 10% X7R 0402               ,C234
10.0,106-0299-02,CAP .1UF 16V 10% X7R 0402               ,C235
10.0,106-0299-02,CAP .1UF 16V 10% X7R 0402               ,C236
10.0,106-0299-02,CAP .1UF 16V 10% X7R 0402               ,C257
10.0,106-0299-02,CAP .1UF 16V 10% X7R 0402               ,C260
10.0,106-0299-02,CAP .1UF 16V 10% X7R 0402               ,C269
10.0,106-0299-02,CAP .1UF 16V 10% X7R 0402               ,C272
10.0,106-0299-02,CAP .1UF 16V 10% X7R 0402               ,C274
10.0,106-0299-02,CAP .1UF 16V 10% X7R 0402               ,C279
10.0,106-0299-02,CAP .1UF 16V 10% X7R 0402               ,C281
10.0,106-0299-02,CAP .1UF 16V 10% X7R 0402               ,C283
10.0,106-0299-02,CAP .1UF 16V 10% X7R 0402               ,C288
10.0,106-0299-02,CAP .1UF 16V 10% X7R 0402               ,C303
10.0,106-0299-02,CAP .1UF 16V 10% X7R 0402               ,C324
10.0,106-0299-02,CAP .1UF 16V 10% X7R 0402               ,C327
10.0,106-0299-02,CAP .1UF 16V 10% X7R 0402               ,C339
10.0,106-0299-02,CAP .1UF 16V 10% X7R 0402               ,C344
10.0,106-0299-02,CAP .1UF 16V 10% X7R 0402               ,C345
10.0,106-0299-02,CAP .1UF 16V 10% X7R 0402               ,C346
10.0,106-0299-02,CAP .1UF 16V 10% X7R 0402               ,C364
10.0,106-0299-02,CAP .1UF 16V 10% X7R 0402               ,C373
10.0,106-0299-02,CAP .1UF 16V 10% X7R 0402               ,C391
10.0,106-0299-02,CAP .1UF 16V 10% X7R 0402               ,C395
10.0,106-0299-02,CAP .1UF 16V 10% X7R 0402               ,C399
10.0,106-0299-02,CAP .1UF 16V 10% X7R 0402               ,C402
10.0,106-0299-02,CAP .1UF 16V 10% X7R 0402               ,C403
10.0,106-0299-02,CAP .1UF 16V 10% X7R 0402               ,C410
10.0,106-0299-02,CAP .1UF 16V 10% X7R 0402               ,C413
10.0,106-0299-02,CAP .1UF 16V 10% X7R 0402               ,C416
10.0,106-0299-02,CAP .1UF 16V 10% X7R 0402               ,C417
10.0,106-0299-02,CAP .1UF 16V 10% X7R 0402               ,C418
10.0,106-0299-02,CAP .1UF 16V 10% X7R 0402               ,C422
10.0,106-0299-02,CAP .1UF 16V 10% X7R 0402               ,C428
10.0,106-0299-02,CAP .1UF 16V 10% X7R 0402               ,C436
10.0,106-0299-02,CAP .1UF 16V 10% X7R 0402               ,C437
10.0,106-0299-02,CAP .1UF 16V 10% X7R 0402               ,C438
10.0,106-0299-02,CAP .1UF 16V 10% X7R 0402               ,C439
10.0,106-0299-02,CAP .1UF 16V 10% X7R 0402               ,C448
10.0,106-0299-02,CAP .1UF 16V 10% X7R 0402               ,C452
10.0,106-0299-02,CAP .1UF 16V 10% X7R 0402               ,C453
10.0,106-0299-02,CAP .1UF 16V 10% X7R 0402               ,C470
10.0,106-0299-02,CAP .1UF 16V 10% X7R 0402               ,C471
10.0,106-0299-02,CAP .1UF 16V 10% X7R 0402               ,C472
10.0,106-0299-02,CAP .1UF 16V 10% X7R 0402               ,C473
10.0,106-0299-02,CAP .1UF 16V 10% X7R 0402               ,C475
10.0,106-0299-02,CAP .1UF 16V 10% X7R 0402               ,C476
10.0,106-0299-02,CAP .1UF 16V 10% X7R 0402               ,C477
10.0,106-0299-02,CAP .1UF 16V 10% X7R 0402               ,C478
10.0,106-0299-02,CAP .1UF 16V 10% X7R 0402               ,C479
10.0,106-0299-02,CAP .1UF 16V 10% X7R 0402               ,C480
10.0,106-0592-03,CAP 2.2UF X7R 10% 100V 2.5MM 1210,C74
10.0,106-0592-03,CAP 2.2UF X7R 10% 100V 2.5MM 1210,C77
10.0,106-0592-03,CAP 2.2UF X7R 10% 100V 2.5MM 1210,C161
10.0,106-0592-03,CAP 2.2UF X7R 10% 100V 2.5MM 1210,C228
10.0,106-0592-03,CAP 2.2UF X7R 10% 100V 2.5MM 1210,C383
10.0,106-0592-03,CAP 2.2UF X7R 10% 100V 2.5MM 1210,C512
10.0,106-0592-03,CAP 2.2UF X7R 10% 100V 2.5MM 1210,C513
10.0,106-0592-03,CAP 2.2UF X7R 10% 100V 2.5MM 1210,C514
10.0,106-0592-03,CAP 2.2UF X7R 10% 100V 2.5MM 1210,C515
10.0,106-0592-03,CAP 2.2UF X7R 10% 100V 2.5MM 1210,C516
10.0,106-0592-03,CAP 2.2UF X7R 10% 100V 2.5MM 1210,C517
10.0,114-4702-C4,RES 47.0K 1/16W 1% 50V 0402             ,R41
10.0,114-4702-C4,RES 47.0K 1/16W 1% 50V 0402             ,R42
10.0,114-4702-C4,RES 47.0K 1/16W 1% 50V 0402             ,R46
10.0,114-4702-C4,RES 47.0K 1/16W 1% 50V 0402             ,R86
10.0,114-4702-C4,RES 47.0K 1/16W 1% 50V 0402             ,R115
10.0,114-4702-C4,RES 47.0K 1/16W 1% 50V 0402             ,R116
10.0,114-R010-B4,"RES 0.01 1/2W, 1%, 150V 0805",R174
10.0,114-R010-B4,"RES 0.01 1/2W, 1%, 150V 0805",R177
10.0,114-8200-A4,RES 820 OHM 1% 1/10W 0603               ,R239
10.0,114-75R0-B4,RES 75.0 1/8W 1% 150V 0805              ,R51
10.0,114-75R0-B4,RES 75.0 1/8W 1% 150V 0805              ,R216
10.0,114-6R80-46,RES 6.8 OHM 1/2W 5% 2010                ,R282
10.0,114-6802-C4,RES 68.0K 1/16W 1% 50V 0402,R62
10.0,114-6802-C4,RES 68.0K 1/16W 1% 50V 0402,R270
10.0,114-6800-A4,RES 680 1/10W 1% 50V 0603               ,R313
10.0,114-6490-C4,RES 649 1/16W 1% 50V 0402,R424
10.0,114-4R70-A4,RES 4.70 1/10W 1% 50V 0603,R96
10.0,114-4R70-A4,RES 4.70 1/10W 1% 50V 0603,R255
10.0,114-4R70-A4,RES 4.70 1/10W 1% 50V 0603,R444
10.0,114-47R0-B4,RES 47.0 1/8W 1% 150V 0805,R104
10.0,114-47R0-B4,RES 47.0 1/8W 1% 150V 0805,R118
10.0,114-47R0-B4,RES 47.0 1/8W 1% 150V 0805,R237
10.0,114-4701-C4,RES 4.70K 1/16W 1% 50V 0402             ,R154
10.0,114-4701-C4,RES 4.70K 1/16W 1% 50V 0402             ,R245
10.0,114-4701-C4,RES 4.70K 1/16W 1% 50V 0402             ,R371
10.0,114-4701-26,RES 4.7K 1/4W 5% 200V 1206              ,R80
10.0,114-4700-C4,RES 470 OHM 1/16W 1% 0402               ,R68
10.0,114-4700-C4,RES 470 OHM 1/16W 1% 0402               ,R273
10.0,114-4700-C4,RES 470 OHM 1/16W 1% 0402               ,R318
10.0,114-4300-C4,RES 430 1/16W 1% 50V 0402,R211
10.0,114-4300-C4,RES 430 1/16W 1% 50V 0402,R212
10.0,114-4300-C4,RES 430 1/16W 1% 50V 0402,R218
10.0,114-4300-C4,RES 430 1/16W 1% 50V 0402,R219
10.0,114-3902-C4,RES 39.0K 1/16W 1% 50V 0402,R77
10.0,114-3902-C4,RES 39.0K 1/16W 1% 50V 0402,R84
10.0,114-3303-C4,RES 330K 1/16W 1% 50V 0402,R435
10.0,114-3300-C4,RES 330 1/16W 1% 50V 0402               ,R194
10.0,114-3300-C4,RES 330 1/16W 1% 50V 0402               ,R242
10.0,114-3300-A4,RES 330 1/10W 1% 50V 0603               ,R119
10.0,114-2701-C4,RES 2.7K 1/16W 1% 0402                  ,R197
10.0,114-2701-C4,RES 2.7K 1/16W 1% 0402                  ,R198
10.0,114-2701-C4,RES 2.7K 1/16W 1% 0402                  ,R299
10.0,114-2701-C4,RES 2.7K 1/16W 1% 0402                  ,R300
10.0,114-2701-C4,RES 2.7K 1/16W 1% 0402                  ,R350
10.0,114-2701-C4,RES 2.7K 1/16W 1% 0402                  ,R351
10.0,114-2700-C4,RES 270 1/16W 1% 50V 0402,R274
10.0,114-22R0-C4,RES 22.0 1/16W 1% 50V 0402              ,R161
10.0,114-22R0-C4,RES 22.0 1/16W 1% 50V 0402              ,R181
10.0,114-22R0-C4,RES 22.0 1/16W 1% 50V 0402              ,R188
10.0,114-22R0-C4,RES 22.0 1/16W 1% 50V 0402              ,R298
10.0,114-22R0-C4,RES 22.0 1/16W 1% 50V 0402              ,R302
10.0,114-22R0-C4,RES 22.0 1/16W 1% 50V 0402              ,R303
10.0,114-22R0-A4,RES 22.0 1/10W 1% 50V 0603              ,R314
10.0,114-2203-C4,RES 220K 1/16W 1% 50V 0402,R276
10.0,114-2201-C4,RES 2.20K 1/16W 1% 50V 0402             ,R30
10.0,114-2201-C4,RES 2.20K 1/16W 1% 50V 0402             ,R61
10.0,114-2201-C4,RES 2.20K 1/16W 1% 50V 0402             ,R74
10.0,114-2201-C4,RES 2.20K 1/16W 1% 50V 0402             ,R89
10.0,114-2201-C4,RES 2.20K 1/16W 1% 50V 0402             ,R99
10.0,114-2201-C4,RES 2.20K 1/16W 1% 50V 0402             ,R128
10.0,114-2201-C4,RES 2.20K 1/16W 1% 50V 0402             ,R137
10.0,114-2201-C4,RES 2.20K 1/16W 1% 50V 0402             ,R179
10.0,114-2201-C4,RES 2.20K 1/16W 1% 50V 0402             ,R324
10.0,114-2201-C4,RES 2.20K 1/16W 1% 50V 0402             ,R331
10.0,114-2201-C4,RES 2.20K 1/16W 1% 50V 0402             ,R333
10.0,114-2201-C4,RES 2.20K 1/16W 1% 50V 0402             ,R338
10.0,114-2201-C4,RES 2.20K 1/16W 1% 50V 0402             ,R348
10.0,114-2201-C4,RES 2.20K 1/16W 1% 50V 0402             ,R356
10.0,114-2201-C4,RES 2.20K 1/16W 1% 50V 0402             ,R363
10.0,114-2201-C4,RES 2.20K 1/16W 1% 50V 0402             ,R417
10.0,114-2201-A4,RES 2.20K 1/10W 1% 50V 0603             ,R204
10.0,114-2200-C4,RES 220 1/16W 1% 50V 0402               ,R88
10.0,114-2200-C4,RES 220 1/16W 1% 50V 0402               ,R272
10.0,114-2002-C4,RES 20.0K 1/16W 1% 50V 0402             ,R54
10.0,114-2002-C4,RES 20.0K 1/16W 1% 50V 0402             ,R95
10.0,114-18R0-C4,RES 18.0 1/16W 1% 50V 0402,R271
10.0,114-1802-A4,RES 18.0K 1/10W 1% 50V 0603             ,R281
10.0,114-1801-A4,RES 1.8K 1% 1/10W 0603                  ,R311
10.0,114-1800-C4,RES 180 1/16W 1% 50V 0402,R180
10.0,114-1800-C4,RES 180 1/16W 1% 50V 0402,R190
10.0,114-1800-C4,RES 180 1/16W 1% 50V 0402,R335
10.0,114-1502-C4,RES 15.0K 1/16W 1% 50V 0402             ,R66
10.0,114-1302-C4,RES 13.0K 1/16W 1% 50V 0402             ,R82
10.0,114-1301-C4,RES 1.30K 1/16W 1% 50V 0402,R210
10.0,114-1301-C4,RES 1.30K 1/16W 1% 50V 0402,R213
10.0,114-1301-C4,RES 1.30K 1/16W 1% 50V 0402,R217
10.0,114-1301-C4,RES 1.30K 1/16W 1% 50V 0402,R224
10.0,114-1242-C4,RES 12.4K 1/16W 1% 50V 0402             ,R434
10.0,114-1202-C4,RES 12.0K 1/16W 1% 50V 0402             ,R50
10.0,114-1202-A4,RES 12K 1% 0.1W 0603                    ,R277
10.0,114-1200-A4,RES 120 1/10W 1% 50V 0603               ,R312
10.0,114-1200-A4,RES 120 1/10W 1% 50V 0603               ,R315
10.0,114-10R0-C4,RES 10.0 1/16W 1% 50V 0402              ,R45
10.0,114-10R0-C4,RES 10.0 1/16W 1% 50V 0402              ,R85
10.0,114-10R0-C4,RES 10.0 1/16W 1% 50V 0402              ,R340
10.0,114-10R0-C4,RES 10.0 1/16W 1% 50V 0402              ,R405
10.0,114-10R0-A4,RES 10.0 OHM 1/16W 1% 0603              ,R430
10.0,114-1004-C6,RES 1.0M 1/16W 5% 50V 0402              ,C427
10.0,114-1004-C4,RES 1.00M 1/16W 1% 50V 0402             ,R301
10.0,114-1004-26,RES 1.0M 1/4W 5% 200V 1206              ,R453
10.0,114-1004-26,RES 1.0M 1/4W 5% 200V 1206              ,R454
10.0,114-1004-26,RES 1.0M 1/4W 5% 200V 1206              ,R455
10.0,114-1004-26,RES 1.0M 1/4W 5% 200V 1206              ,R456
10.0,114-1004-26,RES 1.0M 1/4W 5% 200V 1206              ,R458
10.0,114-1004-26,RES 1.0M 1/4W 5% 200V 1206              ,R459
10.0,114-1004-26,RES 1.0M 1/4W 5% 200V 1206              ,R460
10.0,114-1003-C4,RES 100K 1/16W 1% 0402                  ,R52
10.0,114-1003-C4,RES 100K 1/16W 1% 0402                  ,R120
10.0,114-1003-C4,RES 100K 1/16W 1% 0402                  ,R207
10.0,114-1003-C4,RES 100K 1/16W 1% 0402                  ,R209
10.0,114-1003-C4,RES 100K 1/16W 1% 0402                  ,R343
10.0,114-1003-C4,RES 100K 1/16W 1% 0402                  ,R354
10.0,114-1003-A4,RES 100K 1/10W 1% 50V 0603              ,R17
10.0,114-1003-A4,RES 100K 1/10W 1% 50V 0603              ,R280
10.0,114-1003-24,RES 100K 1/4W 1% 200V 1206,R349
10.0,114-1001-C4,RES 1.00K 1/16W 1% 50V 0402             ,R39
10.0,114-1001-C4,RES 1.00K 1/16W 1% 50V 0402             ,R53
10.0,114-1001-C4,RES 1.00K 1/16W 1% 50V 0402             ,R76
10.0,114-1001-C4,RES 1.00K 1/16W 1% 50V 0402             ,R83
10.0,114-1001-C4,RES 1.00K 1/16W 1% 50V 0402             ,R87
10.0,114-1001-C4,RES 1.00K 1/16W 1% 50V 0402             ,R93
10.0,114-1001-C4,RES 1.00K 1/16W 1% 50V 0402             ,R189
10.0,114-1001-C4,RES 1.00K 1/16W 1% 50V 0402             ,R206
10.0,114-1001-C4,RES 1.00K 1/16W 1% 50V 0402             ,R246
10.0,114-1001-C4,RES 1.00K 1/16W 1% 50V 0402             ,R290
10.0,114-1001-C4,RES 1.00K 1/16W 1% 50V 0402             ,R296
10.0,114-1001-C4,RES 1.00K 1/16W 1% 50V 0402             ,R409
10.0,114-1001-C4,RES 1.00K 1/16W 1% 50V 0402             ,R418
10.0,114-1001-C4,RES 1.00K 1/16W 1% 50V 0402             ,R428
10.0,114-1001-C4,RES 1.00K 1/16W 1% 50V 0402             ,R439
10.0,114-1000-C4,RES 100 1/16W 1% 50V 0402               ,R8
10.0,114-1000-C4,RES 100 1/16W 1% 50V 0402               ,R199
10.0,114-1000-C4,RES 100 1/16W 1% 50V 0402               ,R385
10.0,114-1000-C4,RES 100 1/16W 1% 50V 0402               ,R386
10.0,114-1000-C4,RES 100 1/16W 1% 50V 0402               ,R420
10.0,114-1000-C4,RES 100 1/16W 1% 50V 0402               ,R421
10.0,114-1000-C4,RES 100 1/16W 1% 50V 0402               ,R422
10.0,114-1000-B4,RES 100 1/8W 1% 150V 0805,R252
10.0,114-1000-B4,RES 100 1/8W 1% 150V 0805,R416
10.0,114-0000-C6,RES 0 JMPR 1.0A 0402                    ,R55
10.0,114-0000-C6,RES 0 JMPR 1.0A 0402                    ,R56
10.0,114-0000-C6,RES 0 JMPR 1.0A 0402                    ,R123
10.0,114-0000-C6,RES 0 JMPR 1.0A 0402                    ,R124
10.0,114-0000-C6,RES 0 JMPR 1.0A 0402                    ,R125
10.0,114-0000-C6,RES 0 JMPR 1.0A 0402                    ,R126
10.0,114-0000-C6,RES 0 JMPR 1.0A 0402                    ,R127
10.0,114-0000-C6,RES 0 JMPR 1.0A 0402                    ,R129
10.0,114-0000-C6,RES 0 JMPR 1.0A 0402                    ,R130
10.0,114-0000-C6,RES 0 JMPR 1.0A 0402                    ,R134
10.0,114-0000-C6,RES 0 JMPR 1.0A 0402                    ,R136
10.0,114-0000-C6,RES 0 JMPR 1.0A 0402                    ,R138
10.0,114-0000-C6,RES 0 JMPR 1.0A 0402                    ,R141
10.0,114-0000-C6,RES 0 JMPR 1.0A 0402                    ,R142
10.0,114-0000-C6,RES 0 JMPR 1.0A 0402                    ,R143
10.0,114-0000-C6,RES 0 JMPR 1.0A 0402                    ,R144
10.0,114-0000-C6,RES 0 JMPR 1.0A 0402                    ,R146
10.0,114-0000-C6,RES 0 JMPR 1.0A 0402                    ,R147
10.0,114-0000-C6,RES 0 JMPR 1.0A 0402                    ,R148
10.0,114-0000-C6,RES 0 JMPR 1.0A 0402                    ,R149
10.0,114-0000-C6,RES 0 JMPR 1.0A 0402                    ,R263
10.0,114-0000-C6,RES 0 JMPR 1.0A 0402                    ,R293
10.0,114-0000-C6,RES 0 JMPR 1.0A 0402                    ,R304
10.0,114-0000-C6,RES 0 JMPR 1.0A 0402                    ,R307
10.0,114-0000-C6,RES 0 JMPR 1.0A 0402                    ,R320
10.0,114-0000-C6,RES 0 JMPR 1.0A 0402                    ,R374
10.0,114-0000-C6,RES 0 JMPR 1.0A 0402                    ,R423
10.0,114-0000-A6,RES 0 JMPR 1.0A 0603                    ,R170
10.0,114-0000-A6,RES 0 JMPR 1.0A 0603                    ,R173
10.0,114-0000-A6,RES 0 JMPR 1.0A 0603                    ,R175
10.0,114-0000-A6,RES 0 JMPR 1.0A 0603                    ,R176
10.0,114-0000-A6,RES 0 JMPR 1.0A 0603                    ,R182
10.0,114-0000-A6,RES 0 JMPR 1.0A 0603                    ,R183
10.0,114-0000-A6,RES 0 JMPR 1.0A 0603                    ,R184
10.0,114-0000-A6,RES 0 JMPR 1.0A 0603                    ,R185
10.0,114-0000-A6,RES 0 JMPR 1.0A 0603                    ,R186
10.0,114-0000-A6,RES 0 JMPR 1.0A 0603                    ,R187
10.0,114-0000-A6,RES 0 JMPR 1.0A 0603                    ,R191
10.0,114-0000-A6,RES 0 JMPR 1.0A 0603                    ,R192
10.0,114-0000-A6,RES 0 JMPR 1.0A 0603                    ,R195
10.0,114-0000-A6,RES 0 JMPR 1.0A 0603                    ,R196
10.0,114-0000-A6,RES 0 JMPR 1.0A 0603                    ,R201
10.0,106-23576-02,CAP 47UF 20% X5R 6.3V 0805,C98
10.0,106-23576-02,CAP 47UF 20% X5R 6.3V 0805,C99
10.0,106-23576-02,CAP 47UF 20% X5R 6.3V 0805,C125
10.0,106-23576-02,CAP 47UF 20% X5R 6.3V 0805,C126
10.0,106-23576-02,CAP 47UF 20% X5R 6.3V 0805,C175
10.0,106-23576-02,CAP 47UF 20% X5R 6.3V 0805,C237
10.0,106-23576-02,CAP 47UF 20% X5R 6.3V 0805,C240
10.0,106-23576-02,CAP 47UF 20% X5R 6.3V 0805,C284
10.0,106-23576-02,CAP 47UF 20% X5R 6.3V 0805,C289
10.0,106-23576-02,CAP 47UF 20% X5R 6.3V 0805,C360
10.0,106-23576-02,CAP 47UF 20% X5R 6.3V 0805,C481
10.0,106-23576-02,CAP 47UF 20% X5R 6.3V 0805,C506
10.0,106-23576-02,CAP 47UF 20% X5R 6.3V 0805,C507
10.0,106-21942-02,"CAP,0603,CER, 0.1UF,10%,100V,X7R",C57
10.0,106-21942-02,"CAP,0603,CER, 0.1UF,10%,100V,X7R",C194
10.0,106-21942-02,"CAP,0603,CER, 0.1UF,10%,100V,X7R",C200
10.0,106-21942-02,"CAP,0603,CER, 0.1UF,10%,100V,X7R",C202
10.0,106-20765-02,CAP 10NF 1KV 10% X7R 1206,C406
10.0,106-20765-02,CAP 10NF 1KV 10% X7R 1206,C482
10.0,106-20763-02,CAP 1000PF 1KV 10% X7R 1206,C93
10.0,106-20763-02,CAP 1000PF 1KV 10% X7R 1206,C163
10.0,106-20763-02,CAP 1000PF 1KV 10% X7R 1206,C164
10.0,106-20763-02,CAP 1000PF 1KV 10% X7R 1206,C165
10.0,106-20763-02,CAP 1000PF 1KV 10% X7R 1206,C166
10.0,106-20763-02,CAP 1000PF 1KV 10% X7R 1206,C518
10.0,106-20763-02,CAP 1000PF 1KV 10% X7R 1206,C520
10.0,106-20133-02,CAP CM 10UF 10V 10% X7R 0805,C112
10.0,106-20133-02,CAP CM 10UF 10V 10% X7R 0805,C141
10.0,106-20133-02,CAP CM 10UF 10V 10% X7R 0805,C144
10.0,106-20133-02,CAP CM 10UF 10V 10% X7R 0805,C352
10.0,106-20133-02,CAP CM 10UF 10V 10% X7R 0805,C353
10.0,106-20133-02,CAP CM 10UF 10V 10% X7R 0805,C354
10.0,106-20133-02,CAP CM 10UF 10V 10% X7R 0805,C409
10.0,106-0758-02,CAP CM 10UF 20% X5R 6.3V 0402,C23
10.0,106-0758-02,CAP CM 10UF 20% X5R 6.3V 0402,C111
10.0,106-0758-02,CAP CM 10UF 20% X5R 6.3V 0402,C196
10.0,106-0758-02,CAP CM 10UF 20% X5R 6.3V 0402,C201
10.0,106-0758-02,CAP CM 10UF 20% X5R 6.3V 0402,C271
10.0,106-0758-02,CAP CM 10UF 20% X5R 6.3V 0402,C277
10.0,106-0758-02,CAP CM 10UF 20% X5R 6.3V 0402,C282
10.0,106-0758-02,CAP CM 10UF 20% X5R 6.3V 0402,C285
10.0,106-0753-02,CAP CM 33PF 50V 1% NPO 0603,C51
10.0,106-0753-02,CAP CM 33PF 50V 1% NPO 0603,C52
10.0,106-0753-02,CAP CM 33PF 50V 1% NPO 0603,C53
10.0,106-0753-02,CAP CM 33PF 50V 1% NPO 0603,C54
10.0,106-0753-02,CAP CM 33PF 50V 1% NPO 0603,C55
10.0,106-0753-02,CAP CM 33PF 50V 1% NPO 0603,C56
10.0,106-0753-02,CAP CM 33PF 50V 1% NPO 0603,C62
10.0,106-0753-02,CAP CM 33PF 50V 1% NPO 0603,C63
10.0,106-0753-02,CAP CM 33PF 50V 1% NPO 0603,C65
10.0,106-0753-02,CAP CM 33PF 50V 1% NPO 0603,C68
10.0,106-0753-02,CAP CM 33PF 50V 1% NPO 0603,C70
10.0,106-0753-02,CAP CM 33PF 50V 1% NPO 0603,C119
10.0,106-0753-02,CAP CM 33PF 50V 1% NPO 0603,C188
10.0,106-0753-02,CAP CM 33PF 50V 1% NPO 0603,C189
10.0,106-0753-02,CAP CM 33PF 50V 1% NPO 0603,C205
10.0,106-0753-02,CAP CM 33PF 50V 1% NPO 0603,C221
10.0,106-0753-02,CAP CM 33PF 50V 1% NPO 0603,C222
10.0,106-0753-02,CAP CM 33PF 50V 1% NPO 0603,C223
10.0,106-0753-02,CAP CM 33PF 50V 1% NPO 0603,C225
10.0,106-0753-02,CAP CM 33PF 50V 1% NPO 0603,C226
10.0,106-0753-02,CAP CM 33PF 50V 1% NPO 0603,C227
10.0,106-0753-02,CAP CM 33PF 50V 1% NPO 0603,C229
10.0,106-0753-02,CAP CM 33PF 50V 1% NPO 0603,C242
10.0,106-0753-02,CAP CM 33PF 50V 1% NPO 0603,C243
10.0,106-0703-02,"CAP 4N7 CER,2%,NPO,50V 1206",C273
10.0,106-0674-02,CAP .01UF CM 200V 10% X7R 0805,C251
10.0,106-0673-02,CAP 4.7UF CM 10% 50V X5R 1206,C1
10.0,106-0673-02,CAP 4.7UF CM 10% 50V X5R 1206,C12
10.0,106-0673-02,CAP 4.7UF CM 10% 50V X5R 1206,C30
10.0,106-0673-02,CAP 4.7UF CM 10% 50V X5R 1206,C31
10.0,106-0673-02,CAP 4.7UF CM 10% 50V X5R 1206,C102
10.0,106-0673-02,CAP 4.7UF CM 10% 50V X5R 1206,C181
10.0,106-0673-02,CAP 4.7UF CM 10% 50V X5R 1206,C199
10.0,106-0673-02,CAP 4.7UF CM 10% 50V X5R 1206,C206
10.0,106-0673-02,CAP 4.7UF CM 10% 50V X5R 1206,C349
10.0,106-0673-02,CAP 4.7UF CM 10% 50V X5R 1206,C351
10.0,106-0673-02,CAP 4.7UF CM 10% 50V X5R 1206,C376
10.0,106-0673-02,CAP 4.7UF CM 10% 50V X5R 1206,C483
10.0,106-0673-02,CAP 4.7UF CM 10% 50V X5R 1206,C495
10.0,106-0670-02,CAP 220PF CM 5% 50V NPO 0402            ,C174
10.0,106-0670-02,CAP 220PF CM 5% 50V NPO 0402            ,C365
10.0,106-0670-02,CAP 220PF CM 5% 50V NPO 0402            ,C469
10.0,106-0665-02,CAP 10PF CM 5% 50V NPO 0402,C19
10.0,106-0665-02,CAP 10PF CM 5% 50V NPO 0402,C59
10.0,106-0665-02,CAP 10PF CM 5% 50V NPO 0402,C191
10.0,106-0665-02,CAP 10PF CM 5% 50V NPO 0402,C197
10.0,106-0645-02,CAP 47NF CM 10% 16V X7R 0603            ,C322
10.0,106-0627-02,CAP 10UF CM 20% X5R 6.3V 0603,C432
10.0,106-0627-02,CAP 10UF CM 20% X5R 6.3V 0603,C434
10.0,106-0627-02,CAP 10UF CM 20% X5R 6.3V 0603,C435
10.0,106-0627-02,CAP 10UF CM 20% X5R 6.3V 0603,C451
10.0,106-0627-02,CAP 10UF CM 20% X5R 6.3V 0603,C454
10.0,106-0610-02,CAP 2N2 CM 5% 50V NPO 0805              ,C405
10.0,106-0606-02,CAP 22PF CM 2% 100V 0603,C367
10.0,106-0555-02,CAP 100PF CM 100V 5% NPO 0402           ,C24
10.0,106-0554-02,CAP .47UF CM 16V 5% X7R 0603            ,C411
10.0,106-0550-02,CAP 470PF 0402 50V NPO +/-5%            ,C169
10.0,106-0549-02,CAP CM 0.1UF 100V 10% X7R 0805,C26
10.0,106-0549-02,CAP CM 0.1UF 100V 10% X7R 0805,C72
10.0,106-0549-02,CAP CM 0.1UF 100V 10% X7R 0805,C130
10.0,106-0547-02,CAP .01UF CM 100V 10% X7R 0603,C25
10.0,106-0517-02,CAP 4700PF X7R 50V 5% 0603,C384
10.0,106-0516-02,CAP 22UF 6.3V X5R 0805                  ,C183
10.0,106-0516-02,CAP 22UF 6.3V X5R 0805                  ,C215
10.0,106-0516-02,CAP 22UF 6.3V X5R 0805                  ,C414
10.0,106-0501-02,CAP 8.2PF CM 50V .25PF 0603             ,C49
10.0,106-0501-02,CAP 8.2PF CM 50V .25PF 0603             ,C61
10.0,106-0501-02,CAP 8.2PF CM 50V .25PF 0603             ,C69
10.0,106-0501-02,CAP 8.2PF CM 50V .25PF 0603             ,C186
10.0,106-0501-02,CAP 8.2PF CM 50V .25PF 0603             ,C193
10.0,106-0501-02,CAP 8.2PF CM 50V .25PF 0603             ,C224
10.0,106-0483-02,CAP 12PF CM 50V 2% COG 0603             ,C48
10.0,106-0483-02,CAP 12PF CM 50V 2% COG 0603             ,C60
10.0,106-0483-02,CAP 12PF CM 50V 2% COG 0603             ,C192
10.0,106-0477-02,CAP 10N CM 25V 10% X7R 0402             ,C377
10.0,106-0476-02,CAP 1NF CM 50V 5% COG 0402              ,C6
10.0,106-0476-02,CAP 1NF CM 50V 5% COG 0402              ,C87
10.0,106-0476-02,CAP 1NF CM 50V 5% COG 0402              ,C89
10.0,106-0476-02,CAP 1NF CM 50V 5% COG 0402              ,C90
10.0,106-0476-02,CAP 1NF CM 50V 5% COG 0402              ,C124
10.0,106-0476-02,CAP 1NF CM 50V 5% COG 0402              ,C156
10.0,106-0476-02,CAP 1NF CM 50V 5% COG 0402              ,C158
10.0,106-0476-02,CAP 1NF CM 50V 5% COG 0402              ,C190
10.0,106-0476-02,CAP 1NF CM 50V 5% COG 0402              ,C315
10.0,106-0476-02,CAP 1NF CM 50V 5% COG 0402              ,C318
10.0,106-0476-02,CAP 1NF CM 50V 5% COG 0402              ,C361
10.0,106-0476-02,CAP 1NF CM 50V 5% COG 0402              ,C366
10.0,106-0476-02,CAP 1NF CM 50V 5% COG 0402              ,C372
10.0,106-0476-02,CAP 1NF CM 50V 5% COG 0402              ,C375
10.0,106-0476-02,CAP 1NF CM 50V 5% COG 0402              ,C420
10.0,106-0300-02,CAP 1UF 16V 10% X7R 0603                ,C34
10.0,106-0300-02,CAP 1UF 16V 10% X7R 0603                ,C213
10.0,106-0300-02,CAP 1UF 16V 10% X7R 0603                ,C306
10.0,106-0300-02,CAP 1UF 16V 10% X7R 0603                ,C326
10.0,106-0300-02,CAP 1UF 16V 10% X7R 0603                ,C407
10.0,106-0277-02,CAP 10UF CM 6.3V 10% X5R 0805           ,C374
10.0,106-0275-02,CAP 22PF CM 50V 5% NPO 0402             ,C106
10.0,106-0275-02,CAP 22PF CM 50V 5% NPO 0402             ,C145
10.0,106-0275-02,CAP 22PF CM 50V 5% NPO 0402             ,C147
10.0,106-0275-02,CAP 22PF CM 50V 5% NPO 0402             ,C153
10.0,106-0275-02,CAP 22PF CM 50V 5% NPO 0402             ,C184
10.0,106-0275-02,CAP 22PF CM 50V 5% NPO 0402             ,C185
10.0,106-0275-02,CAP 22PF CM 50V 5% NPO 0402             ,C457
10.0,106-0275-02,CAP 22PF CM 50V 5% NPO 0402             ,C459
10.0,106-0275-02,CAP 22PF CM 50V 5% NPO 0402             ,C460
10.0,106-0275-02,CAP 22PF CM 50V 5% NPO 0402             ,C461
10.0,106-0266-02,CAP .1UF CM 50V 10% X7R 0603,C20
10.0,106-0266-02,CAP .1UF CM 50V 10% X7R 0603,C230
10.0,106-0266-02,CAP .1UF CM 50V 10% X7R 0603,C233
10.0,106-0266-02,CAP .1UF CM 50V 10% X7R 0603,C238
10.0,106-0266-02,CAP .1UF CM 50V 10% X7R 0603,C385
10.0,106-0266-02,CAP .1UF CM 50V 10% X7R 0603,C468
10.0,106-0264-02,CAP 1UF CM 6.3V 10% X5R 0402,C3
10.0,106-0264-02,CAP 1UF CM 6.3V 10% X5R 0402,C7
10.0,106-0264-02,CAP 1UF CM 6.3V 10% X5R 0402,C39
10.0,106-0264-02,CAP 1UF CM 6.3V 10% X5R 0402,C58
10.0,106-0264-02,CAP 1UF CM 6.3V 10% X5R 0402,C86
10.0,106-0264-02,CAP 1UF CM 6.3V 10% X5R 0402,C110
10.0,106-0264-02,CAP 1UF CM 6.3V 10% X5R 0402,C154
10.0,106-0264-02,CAP 1UF CM 6.3V 10% X5R 0402,C177
10.0,106-0264-02,CAP 1UF CM 6.3V 10% X5R 0402,C275
10.0,106-0264-02,CAP 1UF CM 6.3V 10% X5R 0402,C291
10.0,106-0264-02,CAP 1UF CM 6.3V 10% X5R 0402,C308
10.0,106-0264-02,CAP 1UF CM 6.3V 10% X5R 0402,C309
10.0,106-0264-02,CAP 1UF CM 6.3V 10% X5R 0402,C316
10.0,106-0264-02,CAP 1UF CM 6.3V 10% X5R 0402,C325
10.0,106-0264-02,CAP 1UF CM 6.3V 10% X5R 0402,C369
10.0,106-0264-02,CAP 1UF CM 6.3V 10% X5R 0402,C415
10.0,106-0264-02,CAP 1UF CM 6.3V 10% X5R 0402,C425
10.0,106-0264-02,CAP 1UF CM 6.3V 10% X5R 0402,C511
10.0,106-0261-02,CAP .047UF CM 16V 10% X7R 0402          ,C33
10.0,106-0261-02,CAP .047UF CM 16V 10% X7R 0402          ,C115
10.0,106-0261-02,CAP .047UF CM 16V 10% X7R 0402          ,C362
10.0,106-0258-02,CAP 27PF CM 50V 5% COG 0402             ,C429
10.0,106-0258-02,CAP 27PF CM 50V 5% COG 0402             ,C431
10.0,106-0245-02,CAP .01UF CM 16V X7R 10% 0402           ,C148
10.0,106-0245-02,CAP .01UF CM 16V X7R 10% 0402           ,C176
10.0,106-0245-02,CAP .01UF CM 16V X7R 10% 0402           ,C179
10.0,106-0245-02,CAP .01UF CM 16V X7R 10% 0402           ,C363
10.0,106-0245-02,CAP .01UF CM 16V X7R 10% 0402           ,C419
10.0,106-0245-02,CAP .01UF CM 16V X7R 10% 0402           ,C474
10.0,106-0239-02,CAP CM 100PF 5% 50V NPO 0402,C32
10.0,106-0239-02,CAP CM 100PF 5% 50V NPO 0402,C109
10.0,106-0197-02,CAP 1000PF CM 25V 10% X7R 0402,C356
10.0,106-0186-02,CAP 220PF 1% NPO 50V 0603,C388
10.0,106-0154-02,CAP CM 100PF NPO 50V 5% 0603,C146
10.0,046-22444-01,XTTAL 27MHz 18pF 30PPM 5X3.2MM SMD-4.,Y6
10.0,046-0145-011,XTAL 32.768KHZ SMT REV AA               ,Y1
10.0,046-0015-02,MEMS OSC 32.768KHZ 1.5-3.63V 2012 SMD,Y4
10.0,029-0253-08,FERRITE CHIP 240 OHM 0402,L27
10.0,029-0233-08,INDCTR  WW 15NH 2% 0.7A 0603 1.02MM,L14
10.0,029-0233-08,INDCTR  WW 15NH 2% 0.7A 0603 1.02MM,L17
10.0,029-0233-08,INDCTR  WW 15NH 2% 0.7A 0603 1.02MM,L22
10.0,029-0233-08,INDCTR  WW 15NH 2% 0.7A 0603 1.02MM,L23
10.0,029-0233-08,INDCTR  WW 15NH 2% 0.7A 0603 1.02MM,L25
10.0,029-0233-08,INDCTR  WW 15NH 2% 0.7A 0603 1.02MM,L32
10.0,029-0233-08,INDCTR  WW 15NH 2% 0.7A 0603 1.02MM,L35
10.0,029-0233-08,INDCTR  WW 15NH 2% 0.7A 0603 1.02MM,L46
10.0,029-0233-08,INDCTR  WW 15NH 2% 0.7A 0603 1.02MM,L47
10.0,029-0233-08,INDCTR  WW 15NH 2% 0.7A 0603 1.02MM,L49
10.0,029-0233-08,INDCTR  WW 15NH 2% 0.7A 0603 1.02MM,L51
10.0,029-0233-08,INDCTR  WW 15NH 2% 0.7A 0603 1.02MM,L52
10.0,029-0232-08,FERRITE BEAD 1000 OHM 25% 250MA BLM 040,L43
10.0,029-0173-08,INDCTR 50 OHM 3A 1206                   ,L26
10.0,029-0173-08,INDCTR 50 OHM 3A 1206                   ,L69
10.0,029-0173-08,INDCTR 50 OHM 3A 1206                   ,L70
10.0,029-0173-08,INDCTR 50 OHM 3A 1206                   ,L72
10.0,029-0173-08,INDCTR 50 OHM 3A 1206                   ,L73
10.0,029-0173-08,INDCTR 50 OHM 3A 1206                   ,L76
10.0,027-0059-00,FERRITE CHIP BEAD 6A 50 OHM 1206,L8
10.0,027-0059-00,FERRITE CHIP BEAD 6A 50 OHM 1206,L48
10.0,027-0059-00,FERRITE CHIP BEAD 6A 50 OHM 1206,L87
10.0,027-0059-00,FERRITE CHIP BEAD 6A 50 OHM 1206,L88
10.0,027-0041-00,FLTR FER BEAD EMI 0402                  ,L37
10.0,027-0041-00,FLTR FER BEAD EMI 0402                  ,L39
10.0,027-0041-00,FLTR FER BEAD EMI 0402                  ,L41
10.0,027-0041-00,FLTR FER BEAD EMI 0402                  ,L42
10.0,027-0041-00,FLTR FER BEAD EMI 0402                  ,L58
10.0,027-0041-00,FLTR FER BEAD EMI 0402                  ,L59
10.0,027-0041-00,FLTR FER BEAD EMI 0402                  ,L60
10.0,027-0041-00,FLTR FER BEAD EMI 0402                  ,L62
10.0,027-0041-00,FLTR FER BEAD EMI 0402                  ,L63
10.0,027-0041-00,FLTR FER BEAD EMI 0402                  ,L65
10.0,027-0041-00,FLTR FER BEAD EMI 0402                  ,L67
10.0,027-0041-00,FLTR FER BEAD EMI 0402                  ,L71
10.0,027-0041-00,FLTR FER BEAD EMI 0402                  ,L75
10.0,018-0162-01,WIFI BT MODULE WILINK 2.4GHZ  LGA100,U3
10.0,017-23358-D0,PCB BASEBOARD BLUEFIN,PCB
10.0,016-0118-01,DIO BZX84-C47 ZNR 47V 5% SOT23          ,D17
10.0,016-0114-01,DIO BZX84C15 ZNR Y4 SOT23               ,D8
10.0,016-0114-01,DIO BZX84C15 ZNR Y4 SOT23               ,D71
10.0,016-0102-01,DIO BZX84C5V1(Z2) ZNR SOT23             ,D12
10.0,016-0095-01,DIO BZX84C10-V ZENER SOT23              ,D22
10.0,016-0049-06,DIODE B5819WS 1A 40V SCHOTTKY SOD-323,D24
10.0,016-0045-03,DIO RECT 150V 1A ES1C SMA               ,D14
10.0,016-0023-04,DIO BAV99W DUAL SOT323                  ,D5
10.0,016-0023-04,DIO BAV99W DUAL SOT323                  ,D23
10.0,016-0023-04,DIO BAV99W DUAL SOT323                  ,D25
10.0,016-0017-06,DIO BAT54H1 SCHTKY SOD-323              ,D16
10.0,016-0013-09,DIO 200V 200mA BAS21H SOD123,D18
10.0,015-20572-01,XSTR Nch 200V 18A 125mR_10Vg DPAK,Q7
10.0,015-20572-01,XSTR Nch 200V 18A 125mR_10Vg DPAK,Q55
10.0,015-0067-01,XSTR FDV303N N-CHNL MOSFET              ,Q30
10.0,015-0050-07,XSTR PNP 65V 100MA BC856BW SOT323,Q1
10.0,015-0050-07,XSTR PNP 65V 100MA BC856BW SOT323,Q4
10.0,015-0050-07,XSTR PNP 65V 100MA BC856BW SOT323,Q37
10.0,015-0050-07,XSTR PNP 65V 100MA BC856BW SOT323,Q66
10.0,015-0031-07,XSTR 4081 NPN SOT-323                   ,Q6
10.0,015-0031-07,XSTR 4081 NPN SOT-323                   ,Q9
10.0,015-0031-07,XSTR 4081 NPN SOT-323                   ,Q11
10.0,015-0031-07,XSTR 4081 NPN SOT-323                   ,Q24
10.0,015-0031-07,XSTR 4081 NPN SOT-323                   ,Q33
10.0,015-0031-07,XSTR 4081 NPN SOT-323                   ,Q41
10.0,015-0031-07,XSTR 4081 NPN SOT-323                   ,Q44
10.0,015-0031-07,XSTR 4081 NPN SOT-323                   ,Q48
10.0,015-0031-07,XSTR 4081 NPN SOT-323                   ,Q63
10.0,015-0031-07,XSTR 4081 NPN SOT-323                   ,Q67
10.0,015-0027-08,XSTR PXTA92 PNP 300V 100mA 1.3W SOT89,Q58
10.0,014-24519-00,IC SURGE STOPPER HV LTC4366 DFN8,U15
10.0,014-23837-00,IC CNTRL 6 FAN PWM MAX31790 TQFN28,U59
10.0,014-23577-00,IC VOLT REG SYNC LM5122 HTSSOP20,U7
10.0,014-23212-00,IC RST MCU 4.1V OPN CLTR 200ms SOT23-3,U28
10.0,014-22864-00,IC LVL SHFTR 8BIT NONDIR TXS0108 QFN20,U25
10.0,014-21736-00,IC LVDS TO EDP IT6251 QFN64,U37
10.0,014-0820-00,IC HDMI XMTR PROTECT TPD12S521 TSSOP38,U34
10.0,014-0816-00,IC ADC12BIT I2C 4 CHNL 3.3KPS QFN10,U35
10.0,014-0620-00,DIG ISOLATOR 3kV CMOS 2-CH 100Mbps SOIC8,U17
10.0,014-0390-00,IC VOLT OUT TEMP SENS                   ,U13
10.0,014-0326-00,IC HMHA2801 OPTO CPLR SMT               ,U1
10.0,014-0326-00,IC HMHA2801 OPTO CPLR SMT               ,U9
10.0,014-0326-00,IC HMHA2801 OPTO CPLR SMT               ,U10
10.0,014-0326-00,IC HMHA2801 OPTO CPLR SMT               ,U14
10.0,014-0326-00,IC HMHA2801 OPTO CPLR SMT               ,U22
10.0,014-0326-00,IC HMHA2801 OPTO CPLR SMT               ,U26
10.0,014-0326-00,IC HMHA2801 OPTO CPLR SMT               ,U27
10.0,014-0326-00,IC HMHA2801 OPTO CPLR SMT               ,U30
10.0,014-0326-00,IC HMHA2801 OPTO CPLR SMT               ,U50
10.0,014-0326-00,IC HMHA2801 OPTO CPLR SMT               ,U52
10.0,014-0326-00,IC HMHA2801 OPTO CPLR SMT               ,U66
10.0,014-0226-16,"IC, REG PREC 1.24V 1% LMV431A SOT23-3",U21
10.0,014-0058-34,IC REG 1.2V 800MA SOT-223,U57
10.0,014-0055-34,IC BUCK REG 38V 3A 1MHz ADJ L7986 HSOP8,U44
10.0,014-0055-34,IC BUCK REG 38V 3A 1MHz ADJ L7986 HSOP8,U49
10.0,014-0053-10,IC SWITCH ANANLOG SN74LVC1G3157 SC70,U63
10.0,014-0053-10,IC SWITCH ANANLOG SN74LVC1G3157 SC70,U75
10.0,014-0044-10,IC AND GATE SNGL 74LVC1G08 SOT-353,U2
10.0,014-0044-10,IC AND GATE SNGL 74LVC1G08 SOT-353,U4
10.0,014-0043-16,IC MC78MO5CDT +5V REG                   ,U18
10.0,014-0014-34,IC REG 1.8V SOT-223                     ,U36
10.0,014-0014-34,IC REG 1.8V SOT-223                     ,U42
